headword,ne
가나안,person
가나안 사람,person
가담,person
가디,person
가디아,person
가띠,person
가레아,person
가렙,person
가룟유다,person
가르가스,person
가르미,person
가르스나,person
가말리엘,person
가물,person
가보,person
가브리스,person
가브리엘,person
가세스,person
가스무,person
가슬루힘,person
가알,person
가야바,person
가이난,person
가이사,person
가이오,person
가인,person
가할,person
가함,person
간다게,person
갈골,person
갈랄,person
갈래,person
갈렙,person
갈리오,person
갈미,person
갑배,person
갓,person
갓디,person
갓디엘,person
갓미엘,person
갓삼,person
게난,person
게달,person
게델,person
게드마,person
게라,person
게라하임,person
게렌합북,person
게로스,person
게르손,person
게르솜,person
게바,person
게벨,person
게산,person
게셈,person
게셋,person
게하시,person
고나냐,person
고넬료,person
고니야,person
고라,person
고레,person
고레스,person
고멜,person
고삼,person
고세바,person
고스비,person
고핫,person
곡,person
골라야,person
골리앗,person
골호세,person
구니,person
구레뇨,person
구사,person
구사야,person
구산,person
구산 리사다임,person
구스,person
구시,person
구아도,person
그나냐,person
그나니,person
그나스,person
그나아나,person
그누밧,person
그다랴,person
그달리야,person
그돌,person
그돌라오멜,person
그두라,person
그란,person
그레스게,person
그렛 사람,person
그리다,person
그리스도,person
그리스보,person
그마랴,person
그마림,person
그말리,person
그무엘,person
그므엘,person
그시아,person
그일라,person
그우엘,person
그핫,person
글라야,person
글라우디아,person
글라우디오,person
글라우디오루시아,person
글랄,person
글레멘드,person
글로바,person
글로에,person
글루배,person
글루히,person
글룹,person
글리다,person
긋시아,person
기낫,person
기돈,person
기드오니,person
기드온,person
기르가스 족속,person
기르스 사람,person
기브아,person
기스,person
기스바,person
기슬론,person
기시,person
긴느도이,person
긴느돈,person
길랄래,person
길룐,person
길르압,person
길르앗,person
김함,person
깁발,person
깃달디,person
깃델,person
깃딤,person
나곤,person
나깃수,person
나다나엘,person
나단,person
나단멜렉,person
나답,person
나발,person
나봇,person
나비,person
나비스,person
나사로,person
나손,person
나아라,person
나아래,person
나아마,person
나아만,person
나암,person
나오미,person
나하래,person
나하마니,person
나하스,person
나함,person
나핫,person
나홀,person
나훔,person
낙개,person
납달리,person
납두힘,person
네레오,person
네리,person
네리야,person
네로,person
네벡,person
네스갈 사레셀,person
네피림,person
넬,person
노가,person
노답,person
노바,person
노배,person
노아,person
노아댜,person
노하,person
논,person
누가,person
누기오,person
눈,person
눔바,person
느고,person
느고다,person
느다냐,person
느다넬,person
느다뱌,person
느디님,person
느말리야,person
느무엘,person
느바욧,person
느밧,person
느배,person
느보,person
느부갓네살,person
느부사라단,person
느부사스반,person
느부심,person
느비스심,person
느시야,person
느아랴,person
느헤미야,person
느후스다,person
느훔,person
니가노르,person
니게르,person
니고데모,person
니골라,person
니므롯,person
님시,person
다니엘,person
다단,person
다대오,person
다라,person
다레아,person
다르곤,person
다르다,person
다르단,person
다리오,person
다마리,person
다말,person
다밧,person
다브네스,person
다브림몬,person
다브엘,person
다비다,person
다시스,person
다윗,person
다하스,person
다한,person
다핫,person
단,person
단후멧,person
달매,person
달몬,person
달본,person
달시스,person
답바옷,person
답부아,person
닷드내,person
더둘로,person
더디오,person
데라,person
데레스,person
데마,person
데만,person
데메드리오,person
데므니,person
데바,person
데오빌로,person
데해,person
델라,person
델렘,person
도갈마,person
도다님,person
도다와,person
도대,person
도도,person
도르가,person
도마,person
도바도니야,person
도비야,person
도아,person
도엑,person
도우,person
도이,person
도후,person
독핫,person
돌라,person
두기고,person
두란노,person
두마,person
두발,person
두발가인,person
드다,person
드단,person
드로비모,person
드루버나,person
드루보사,person
드루실라,person
드발리야,person
드보라,person
드빌,person
드우엘,person
드힌나,person
들라야,person
들릴라,person
디과,person
디글라,person
디글랏빌레셀,person
디나,person
디달,person
디도,person
디도 유스도,person
디두모,person
디라스,person
디랏,person
디르사,person
디르하가,person
디르하나,person
디리아,person
디매오,person
디모데,person
디몬,person
디밧,person
디베료,person
디브니,person
디브리,person
디블라임,person
디산,person
디손,person
디스사람,person
디오누시오,person
디오드레베,person
딜론,person
딤나,person
라겜,person
라단,person
라먀,person
라멕,person
라바,person
라반,person
라부,person
라아다,person
라아마,person
라아먀,person
라엘,person
라이스,person
라함,person
라합,person
라핫,person
라헬,person
라흐미,person
람,person
랍비돗,person
랍사게,person
랍사리스,person
랏대,person
레가,person
레갑,person
레겜,person
레겜멜렉,person
레멕,person
레바,person
레사,person
레셉,person
레아,person
레위,person
레이,person
로가,person
로단,person
로데,person
로루하마,person
로맘디에셀,person
로스,person
로암미,person
로이스,person
롯,person
루기오,person
루디아,person
루딤,person
루빔,person
루사니아,person
루시아,person
루포,person
루하마,person
룹 사람,person
룻,person
르말랴,person
르므엘,person
르바나,person
르바야,person
르바엘,person
르바임,person
르바 족속,person
르손,person
르신,person
르아야,person
르엘라야,person
르우,person
르우마,person
르우벤,person
르우엘,person
르움미,person
르하뱌,person
르하빔,person
르호보암,person
르홉,person
르훔,person
리노,person
리밧,person
리배,person
리브가,person
리스바,person
리스위,person
리시아,person
릭히,person
린나,person
림몬,person
립니,person
마가,person
마곡,person
마골 밋사빕,person
마기,person
마길,person
마나엔,person
마나핫,person
마노아,person
마대,person
마드렛,person
마드리,person
마라,person
마레사,person
마르다,person
마르스나,person
마리아,person
마므레,person
마세야,person
마스,person
마아가,person
마아대,person
마아댜,person
마아새,person
마아세아,person
마아스,person
마아시야,person
마앗,person
마애,person
마옥,person
마온,person
마태,person
마하래,person
마하시옷,person
마할랄렐,person
마할랏,person
마핫,person
마헬살랄하스바스,person
마홀,person
마홀리,person
막나드배,person
막디엘,person
막반내,person
막비스,person
막비아스,person
말감,person
말고,person
말기람,person
말기수아,person
말기야,person
말기엘,person
말라,person
말로디,person
말루기,person
말론,person
말룩,person
말리,person
맛다냐,person
맛다다,person
맛다디아,person
맛단,person
맛닷,person
맛닷다,person
맛드내,person
맛디디아,person
맛디아,person
맛만나,person
맛사,person
메난,person
메닷,person
메랍,person
메레스,person
메렛,person
메사,person
메삭,person
메섹,person
메소밥,person
메시야,person
멘나,person
멜기,person
멜기세댁,person
멜레아,person
멜렉,person
멜잘,person
모르드게,person
모사,person
모세,person
모아댜,person
모압,person
몰릿,person
무시,person
무실레못,person
뭅빔,person
므나헴,person
므낫세,person
므단,person
므두사엘,person
므두셀라,person
므라리,person
므라야,person
므라욧,person
므레못,person
므레옷,person
므로닥 발라단,person
므립바알,person
므무간,person
므문내,person
므비보셋,person
므세사벨,person
므셀레먀,person
므소밥,person
므술람,person
므술레멧,person
므실레못,person
므실레밋,person
므오노대,person
므우간,person
므헤다벨,person
므후만,person
므후야엘,person
므히다,person
므힐,person
믈랴댜,person
미가,person
미가야,person
미가엘,person
미갈,person
미그리,person
미글롯,person
미냐민,person
미드르닷,person
미디안,person
미랄래,person
미르마,person
미리암,person
미사,person
미사엘,person
미삼,person
미스라의 자손,person
미스라임,person
미스마,person
미스만나,person
미스발,person
미스베렛,person
미야민,person
믹네야,person
민니,person
밀가,person
밀랄래,person
밉살,person
밉삼,person
밉할,person
밋사,person
바기엘,person
바나바,person
바누엘,person
바니,person
바돈,person
바돌로매,person
바드로바,person
바드루심,person
바디메오,person
바라갸,person
바라겔,person
바라바,person
바락,person
바로,person
바로느고,person
바로스,person
바로 호브라,person
바루아,person
바룩,person
바르고스,person
바르낙,person
바르실래,person
바리야,person
바마스다,person
바메나,person
바사바,person
바삭,person
바산다다,person
바세아,person
바스맛,person
바스훌,person
바슬룻,person
바실래,person
바아나,person
바아라,person
바아래,person
바아사,person
바아세야,person
바알,person
바알리스,person
바알세불,person
바알하난,person
바예수,person
바왜,person
바요나,person
바울,person
바핫모압,person
박박갈,person
박부갸,person
박북,person
발디,person
발디엘,person
발라단,person
발락,person
발랄,person
발람,person
발루,person
밧세바,person
밧수아,person
버니게,person
버시,person
베가,person
베겔,person
베고랏,person
베냐민,person
베단,person
베드라바,person
베드로,person
베드야,person
베라,person
베레갸,person
베레스,person
베렛,person
베리,person
베배,person
베새,person
베셀,person
베스도,person
벤,person
벤게벨,person
벤데겔,person
벤소헷,person
벤아비나답,person
벤암미,person
벤하난,person
벤하닷,person
벤하일,person
벤헤셋,person
벤훌,person
벨드사살,person
벨라,person
벨렉,person
벨리알,person
벨릭스,person
벨사살,person
벳술,person
보게렛하스바임,person
보그루,person
보드나도,person
보디메라,person
보디발,person
보디베라,person
보라다,person
보블기오 베스도,person
보블리오,person
보아너게,person
보아스,person
보한,person
본디오,person
뵈뵈,person
부겔로,person
부니,person
부데,person
부두엘,person
부디엘,person
부라,person
부로,person
부로고로,person
부로닥발라단,person
부스,person
부시,person
부아,person
부와,person
북기,person
북기야,person
분니,person
붓,person
불라스도,person
불라탸,person
불레곤,person
붓,person
브가히야,person
브나,person
브나야,person
브노,person
브누엘,person
브니누,person
브니엘,person
브닌나,person
브다술,person
브다야,person
브다헬,person
브다히야,person
브단,person
브닷,person
브두엘,person
브드나도,person
브라야,person
브로고로,person
브루다,person
브리스가,person
브리스길라,person
브리아,person
브배,person
브살엘,person
브소드야,person
브아랴,person
브에라,person
브에리,person
브엘랴다,person
브올,person
브울래대,person
블라댜,person
블라스도,person
블라야,person
블레곤,person
비골,person
비그리,person
비그왜,person
비논,person
비느아,person
비느하스,person
비돈,person
비디아,person
비람,person
비르사,person
비르사잇,person
비스다,person
비스바,person
비슬람,person
빅다,person
빅다나,person
빅단,person
빈누이,person
빌가,person
빌개,person
빌다스,person
빌닷,person
빌라도,person
빌레도,person
빌레몬,person
빌롤로고,person
빌립,person
빌산,person
빌하,person
빌한,person
빔할,person
빗갈,person
사가랴,person
사갈,person
사갸,person
사게,person
사독,person
사드락,person
사라,person
사랄,person
사랍,person
사래,person
사레셀,person
사르곤,person
사마,person
사마,person
사무엘,person
사믈라,person
사믈래,person
사밀,person
사반,person
사밤,person
사밧,person
사붓,person
사붓,person
사브낫바네아,person
사브대,person
사사,person
사삭,person
사새,person
사아스가스,person
사이완,person
사압,person
사울,person
사워사,person
사하라임,person
사함,person
삭개,person
삭개오,person
삭굴,person
산발라,person
산발랏,person
산헤립,person
살라,person
살랍,person
살래,person
살로메,person
살루,person
살룬,person
살룸,person
살마,person
살만,person
살만에셀,person
살매,person
살몬,person
살문나,person
살스김,person
삼갈,person
삼갈르보,person
삼라,person
삼마,person
삼매,person
삼무아,person
삼손,person
삼스래,person
삼훗,person
삽,person
삽다,person
삽드가,person
삽디,person
삽디엘,person
삽배,person
삽브대,person
삽비라,person
삿두,person
서기오 바울,person
서머인,person
세겔,person
세겜,person
세군도,person
세나,person
세낫살,person
세단,person
세달,person
세달,person
세담,person
세라,person
세레뱌,person
세레스,person
세렛,person
세렛,person
세메벨,person
세멜,person
세멧,person
세바,person
세베대,person
세벨,person
세산,person
세새,person
세스바살,person
세일,person
셀라,person
셀레먀,person
셀레스,person
셀렉,person
셀렙,person
셀렛,person
셈,person
셉나,person
셋,person
소,person
소고,person
소대,person
소디,person
소멜,person
소바,person
소바더,person
소박,person
소발,person
소밥,person
소배,person
소배,person
소베렛,person
소베바,person
소벡,person
소비,person
소스데네,person
소시바더,person
소아,person
소할,person
소함,person
소헷,person
솔로몬,person
수갓 족속,person
수니,person
수델라,person
수르,person
수리삿대,person
수리엘,person
수바엘,person
수시,person
수산나,person
수아,person
수아,person
수아,person
수알,person
수알,person
수하,person
수함,person
순두게,person
술,person
숩,person
숩빕,person
스가냐,person
스가랴,person
스게와,person
스굽,person
스나아,person
스다구,person
스달보스네,person
스담,person
스데바나,person
스데반,person
스데울,person
스도이고,person
스둘,person
스라야,person
스라히야,person
스롤,person
스루아,person
스루야,person
스룩,person
스룹바벨,person
스리,person
스마,person
스마갸,person
스마랴,person
스마아,person
스마야,person
스므엘,person
스미다,person
스미라,person
스미라못,person
스바,person
스바냐,person
스바니아,person
스바댜,person
스보,person
스본,person
스부반,person
스부밤,person
스불,person
스불론,person
스브엘,person
스비,person
스비,person
스비내,person
스비다,person
스아랴,person
스알,person
스알디엘,person
스알야숩,person
스엡,person
스오림,person
스와,person
스하랴,person
스할,person
슬로못,person
슬로미,person
슬로밋,person
슬로브핫,person
슬루미엘,person
시그리,person
시나,person
시납,person
시돈,person
시드기야,person
시드래,person
시드리,person
시몬,person
시므란,person
시므랏,person
시므론,person
시므리,person
시므릿,person
시므아,person
시므앗,person
시므온,person
시므이,person
시바,person
시본,person
시브온,person
시비,person
시비아,person
시비야,person
시사,person
시사,person
시사,person
시사,person
시브라,person
시삭,person
시스라,person
시스매,person
시아,person
시아,person
시아하,person
시하,person
시혼,person
실라,person
실렘,person
실로,person
실루아노,person
실르대,person
실바,person
실사,person
실히,person
심마,person
심새,person
십,person
십단,person
십배,person
십보라,person
십볼,person
십브개,person
십브라,person
싯나,person
씰라,person
아가보,person
아가이고,person
아각,person
아간,person
아갈,person
아게,person
아골,person
아구사도,person
아구스도,person
아굴,person
아굴라,person
아그립바,person
아기스,person
아나,person
아나냐,person
아나니,person
아나니아,person
아나돗,person
아나밈,person
아나야,person
아낙,person
아난,person
아낫,person
아넬,person
아눕,person
아니,person
아니암,person
아다,person
아다라,person
아다야,person
아닥사스다,person
아달랴,person
아달리야,person
아담,person
아데마,person
아델,person
아도니감,person
아도니람,person
아도니베섹,person
아도니세덱,person
아도니야,person
아도람,person
아드나,person
아드람멜렉,person
아드리엘,person
아드마다,person
아들래,person
아디나,person
아디노,person
아디엘,person
아딘,person
아라,person
아라우나,person
아란,person
아람,person
아랏,person
아레다,person
아렐리,person
아로디,person
아론,person
아롯,person
아르곱,person
아르난,person
아르돈,person
아르바,person
아르박삿,person
아르사,person
아릇,person
아리다다,person
아리대,person
아리새,person
아리스다고,person
아리스도볼로,person
아리에,person
아리엘,person
아리옥,person
아리우나,person
아마랴,person
아마사,person
아마새,person
아마샤,person
아마시야,person
아말,person
아말렉,person
아맛새,person
아모스,person
아목,person
아몬,person
아므라벨,person
아므람,person
아미,person
아미나답,person
아밋대,person
아바삭 사람,person
아바삿 사람,person
아바새 사람,person
아바돈,person
아박다,person
아박삿,person
아반,person
아벨,person
아벨레,person
아벨마임,person
아벳느고,person
아볼로,person
아볼루온,person
아브넬,person
아브라함,person
아브람,person
아비,person
아비가일,person
아비갈,person
아비나답,person
아비노암,person
아비다,person
아비단,person
아비달,person
아비둡,person
아비람,person
아비마엘,person
아비멜렉,person
아비삭,person
아비살롬,person
아비새,person
아비수아,person
아비술,person
아비아,person
아비아달,person
아비아삽,person
아비알본,person
아비야,person
아비얌,person
아비에셀,person
아비엘,person
아비하일,person
아비후,person
아비훗,person
아사,person
아사냐,person
아사랴,person
아사렐,person
아사렐라,person
아사스,person
아사시야,person
아사리아,person
아사야,person
아사헬,person
아삽,person
아살랴,person
아살리야,person
아셀,person
아소르,person
아수바,person
아순그리스도,person
아스갓,person
아스그나스,person
아스나,person
아스낫,person
아스리감,person
아스리엘,person
아스마윗,person
아스바다,person
아스벨,person
아스부나스,person
아스북,person
아스왓,person
아스훌,person
아시사,person
아시엘,person
아야,person
아켈라오,person
아킴,person
아킵보,person
아하라,person
아하스배,person
아하수에로,person
아하스,person
아하시야,person
아하헬,person
아합,person
아헬,person
아호아,person
아효,person
아후매,person
아훗삼,person
아훗삿,person
아흐새,person
아히,person
아히감,person
아히나답,person
아히노암,person
아히도벨,person
아히둡,person
아히라,person
아히람,person
아히마아스,person
아히만,person
아히멜렉,person
아히못,person
아히사막,person
아히사할,person
아히살,person
아히안,person
아히암,person
아히야,person
아히에셀,person
아히오,person
아히요,person
아히훗,person
아힐룻,person
악굽,person
악볼,person
악사,person
안나,person
안나스,person
안도디야,person
안드레,person
안드로니고,person
안디바,person
알래,person
알랴,person
알랸,person
알레멧,person
알렉산더,person
알론,person
알모니,person
알모닷,person
알와,person
알완,person
알패오,person
암논,person
암미,person
암미사밧,person
암미삿대,person
암미엘,person
암미훌,person
암미훗,person
암볼리아,person
암시,person
압다,person
암이나답,person
압돈,person
압디,person
압디엘,person
압바임,person
압비아,person
압살롬,person
앗나,person
앗달,person
앗대,person
앗디,person
앗브엘,person
앗산,person
앗수르,person
앗실,person
애니아,person
야간,person
야게,person
야고보,person
야곱,person
야긴,person
야김,person
야내,person
야다,person
야대,person
야도,person
야돈,person
야드니엘,person
야디엘,person
야라,person
야레오르김,person
야렙,person
야렛,person
야로아,person
야르하,person
야립,person
야매,person
야믈렉,person
야민,person
야발,person
야베스,person
야벳,person
야블렛,person
야비아,person
야빈,person
야살,person
야세라,person
야센,person
야셀,person
야소브암,person
야손,person
야수비네헴,person
야숩,person
야스야,person
야스엘,person
야시스,person
야시엘,person
야아간,person
야아고바,person
야아레시야,person
야아사냐,person
야아사니야,person
야아수,person
야아시야,person
야아시엘,person
야알라,person
야엘,person
야완,person
야이로,person
야일,person
야하시엘,person
야핫,person
얀나,person
얀네와 얌브례,person
얄람,person
얄론,person
얄르엘,person
얏두아,person
에겔,person
에글라,person
에글론,person
에난,person
에노스,person
에녹,person
에단,person
에덴,person
에델,person
에돔,person
에드난,person
에드니,person
에라스도,person
에란,person
에랴십,person
에르,person
에리,person
에밈,person
에바,person
에바부라,person
에바부로디도,person
에발,person
에배,person
에베네도,person
에벨,person
에벳,person
에벳멜렉,person
에봇,person
에브라다,person
에브라임,person
에브론,person
에블랄,person
에비아삽,person
에비구레오,person
에살핫돈,person
에서,person
에섹,person
에셀,person
에스겔,person
에스골,person
에스더,person
에스돈,person
에스라,person
에스리,person
에스바알,person
에스반,person
에스배,person
에스본,person
에슬리,person
에위,person
에월므로닥,person
에훗,person
에히,person
엘,person
엘가나,person
엘다아,person
엘닷,person
엘라,person
엘라단,person
엘라사,person
엘라암,person
엘람,person
엘랴다,person
엘론,person
엘료에내,person
엘레세바,person
엘루마,person
엘루새,person
엘르아다,person
엘르아사,person
엘르아살,person
엘르앗,person
엘리,person
엘리가,person
엘리닷,person
엘리멜렉,person
엘리바스,person
엘리발,person
엘리벨렛,person
엘리블레후,person
엘리사,person
엘리사마,person
엘리사반,person
엘리사밧,person
엘리사벳,person
엘리세바,person
엘리수아,person
엘리술,person
엘리아김,person
엘리아다,person
엘리아바,person
엘리아삽,person
엘리아십,person
엘리암,person
엘리압,person
엘리야,person
엘리야김,person
엘리에내,person
엘리에서,person
엘리에셀,person
엘리엘,person
엘리웃,person
엘리호렙,person
엘리후,person
엘마담,person
엘바알,person
엘벨렛,person
엘사반,person
엘사밧,person
엘여호에내,person
엘하난,person
엣바알,person
여가먀,person
여가므암,person
여고냐,person
여고니야,person
"여골리아, 여골리야",person
여구디엘,person
여다야,person
여델,person
여뎃,person
여두둔,person
여두르,person
여둘,person
여디다,person
여디디아,person
여디아엘,person
여라무엘,person
여레매,person
여레못,person
여로보암,person
여로함,person
여룹바알,person
여룹베셋,person
여리못,person
여리배,person
여리야,person
여리엘,person
여리옷,person
여무엘,person
여미마,person
여베레기야,person
여부스,person
여분네,person
여사냐,person
여사렐라,person
여사야,person
여소하야,person
여시미엘,person
여시새,person
여시엘,person
여아드래,person
여아림산,person
여우스,person
여우스,person
여우엘,person
여이엘,person
여할렐렐,person
여헤스겔,person
여호나단,person
여호나답,person
여호람,person
여호사닥,person
여호사바드,person
여호사밧,person
여호사브앗,person
여호세바,person
여호수아,person
여호아하스,person
여호앗다,person
여호앗단,person
여호야긴,person
여호아김,person
여호야다,person
여호야립,person
여호와,person
여호하난,person
여후갈,person
여후디,person
여후디야,person
여후엘,person
여히스기야,person
여히야,person
여히엘,person
여히엘리,person
예델,person
예드야,person
예라,person
예레미야,person
예렛,person
예세브압,person
예수,person
예수님의 칭호,person
예수아,person
예스라히야,person
예후,person
오그란,person
오난,person
오남,person
오네시모,person
오네시보로,person
오뎃,person
오드니,person
오렌,person
오렙,person
오르난,person
오르바,person
오말,person
오므리,person
오바댜,person
오발,person
오벳,person
오브라,person
오브라,person
오빌,person
오빌,person
오벳에돔,person
오셈,person
오스납발,person
오스니,person
오핫,person
오헬,person
오홀라,person
오홀리바마,person
오홀리압,person
옥,person
온,person
올름바,person
옷니엘,person
와냐,person
와스디,person
왜사다,person
요게벳,person
요글리,person
요김,person
요나,person
요나단,person
요나답,person
요남,person
요다,person
요단,person
요담,person
요라,person
요람,person
요래,person
요르그암,person
요림,person
요밥,person
요사,person
요사갈,person
요사닥,person
요사밧,person
요사밧,person
요세,person
요섹,person
요셉,person
요셉밧세벳,person
요스브가사,person
요시뱌,person
요시비야,person
요시아,person
요시야,person
요아,person
요아김,person
요아난,person
요아다,person
요아스,person
요아하스,person
요안나,person
요압,person
요야김,person
요야다,person
요야립,person
요에셀,person
요엘,person
요엘라,person
요엣,person
요하,person
요하난,person
요한,person
욕단,person
욕산,person
욥,person
우갈,person
우대,person
우르바노,person
우리,person
우리아,person
우리엘,person
우살,person
우스,person
우시,person
우엘,person
운노,person
운니,person
울,person
울라,person
울람,person
웃사,person
웃시,person
웃시아,person
웃시엘,person
웝시,person
유갈,person
유니게,person
유니아,person
유다,person
유두고,person
유딧,person
유발,person
유삽헤셋,person
유스도,person
유오디아,person
율리아,person
율리오,person
으불로,person
이가봇,person
이갈,person
이다말,person
이대,person
이드라,person
이드란,person
이드로,person
이드르암,person
이드마,person
이들랍,person
이디엘,person
이라,person
이람,person
이랏,person
이루,person
이르나하스,person
이리,person
이리야,person
이므라,person
이므리,person
이믈라,person
이브느야,person
이브니야,person
이브드야,person
이브리,person
이브,person
이사야,person
이삭,person
이새,person
이세벨,person
이소할,person
이스가,person
이스라엘,person
이스라히야,person
이스르엘,person
이스리,person
이스마,person
이스마갸,person
이스마야,person
이스마엘,person
이스므래,person
이스바,person
이스바,person
이스박,person
이스반,person
이스보셋,person
이스비브놉,person
이스와,person
이스위,person
이스할,person
이스훗,person
이시,person
이에셀,person
이와,person
이와,person
익게스,person
익다랴,person
일,person
일래,person
임나,person
임나,person
임마누엘,person
임멜,person
임시,person
입다,person
입산,person
입삼,person
입할,person
잇대,person
잇도,person
잇바스,person
잇사갈,person
잇시야,person
잇시야,person
클레멘드,person
하가,person
하가랴,person
하가바,person
하갈,person
하갑,person
하그돌림,person
하그리,person
하그바,person
하나냐,person
하나니,person
하나멜,person
하난,person
하녹,person
하눈,person
하닥,person
하달,person
하닷,person
하닷사,person
하닷에셀,person
하도람,person
하들래,person
하디다,person
하디바,person
하딜,person
하란,person
하랄,person
하렙,person
하로에,person
하루맙,person
하루스,person
하룸,person
하룹,person
하르네벨,person
하르보나,person
하르사,person
하림,person
하립,person
하만,person
하몰,person
하무달,person
하물,person
하므란,person
하바시냐,person
하바야,person
하박국,person
하빌라,person
하사댜,person
하사뱌,person
하사야,person
하사엘,person
하삽나,person
하삽느야,person
하셈,person
하소,person
하소베렛,person
하수바,person
하수바,person
하술렐보니,person
하숨,person
하스나아,person
하스라,person
하스밧다나,person
하시엘,person
하아하스다리,person
하와,person
하월라,person
학가단,person
학개,person
학고스,person
학기,person
학기야,person
학깃,person
학모니,person
한나,person
한니엘,person
할로헤스,person
할하스,person
할해야,person
할훌,person
함,person
함몰레겟,person
함무엘,person
함므다다,person
합비세스,person
핫두스,person
핫딜,person
핫숩,person
핫스누아,person
허마,person
허메,person
허모게네,person
헤개,person
헤나닷,person
헤레스,person
헤로디아,person
헤로디온,person
헤롯,person
헤만,person
헤맘,person
헤버,person
헤벨,person
헤브론,person
헤스레,person
헤스론,person
헤시온,person
헤실,person
헨,person
헬개,person
헬대,person
헬라,person
헬레스,person
헬렉,person
헬렘,person
헬렙,person
헬렛,person
헬론,person
헬리,person
헴단,person
헵시바,person
헷,person
호글라,person
호다위아,person
호다위야,person
호담,person
호데스,person
호드야,person
호디야,person
호딜,person
호람,person
호리,person
호맘,person
호바,person
호바야,person
호밥,person
호사,person
호사마,person
호사야,person
호새,person
호세아,person
호세야,person
호함,person
홉니,person
훗,person
후람,person
후래,person
후르,person
후리,person
후메네오,person
후밤,person
후사,person
후삼,person
후새,person
후심,person
훌,person
훌다,person
훕바,person
훕빔,person
히라,person
히람,person
"히브리,히브리인",person
히스기,person
히스기야,person
히엘,person
힐기야,person
힐렐,person
힛대,person